Datetime,outgoing_site_id,Total Calls,Traffic,lat,long,Call Dropped,weather
2017-01-01 00:00:00,1717,499,0,40.710567,-74.007338,16,1
2017-01-01 00:00:00,21106,400,1,40.711376,-74.005152,26,1
2017-01-01 00:00:00,3066,419,0,40.7121,-74.0051521,18,1
2017-01-01 00:00:00,63383,455,2,40.713303,-74.002643,63,1
2017-01-01 00:00:00,57151,322,1,40.713328,-74.006911,36,1
2017-01-01 00:00:00,30178,395,1,40.71297,-74.003983,46,1
2017-01-01 04:00:00,63383,239,2,40.713303,-74.002643,54,2
2017-01-01 04:00:00,1717,554,1,40.710567,-74.007338,44,2
2017-01-01 04:00:00,21106,533,2,40.711376,-74.005152,63,2
2017-01-01 04:00:00,30178,454,2,40.71297,-74.003983,61,2
2017-01-01 04:00:00,3066,644,1,40.7121,-74.0051521,28,2
2017-01-01 04:00:00,57151,565,0,40.713328,-74.006911,25,2
2017-01-01 08:00:00,30178,591,0,40.71297,-74.003983,23,2
2017-01-01 08:00:00,1717,301,0,40.710567,-74.007338,17,2
2017-01-01 08:00:00,3066,597,1,40.7121,-74.0051521,43,2
2017-01-01 08:00:00,63383,309,1,40.713303,-74.002643,42,2
2017-01-01 08:00:00,57151,348,1,40.713328,-74.006911,43,2
2017-01-01 08:00:00,21106,522,1,40.711376,-74.005152,43,2
2017-01-01 12:00:00,1717,514,0,40.710567,-74.007338,16,3
2017-01-01 12:00:00,3066,403,1,40.7121,-74.0051521,35,3
2017-01-01 12:00:00,57151,538,1,40.713328,-74.006911,43,3
2017-01-01 12:00:00,30178,393,1,40.71297,-74.003983,39,3
2017-01-01 12:00:00,21106,300,1,40.711376,-74.005152,33,3
2017-01-01 12:00:00,63383,428,2,40.713303,-74.002643,65,3
2017-01-01 16:00:00,57151,374,0,40.713328,-74.006911,16,3
2017-01-01 16:00:00,1717,262,0,40.710567,-74.007338,14,3
2017-01-01 16:00:00,30178,551,1,40.71297,-74.003983,31,3
2017-01-01 16:00:00,63383,443,0,40.713303,-74.002643,24,3
2017-01-01 16:00:00,3066,526,0,40.7121,-74.0051521,25,3
2017-01-01 16:00:00,21106,498,1,40.711376,-74.005152,44,3
2017-01-01 20:00:00,57151,325,0,40.713328,-74.006911,20,3
2017-01-01 20:00:00,63383,412,0,40.713303,-74.002643,16,3
2017-01-01 20:00:00,30178,305,1,40.71297,-74.003983,31,3
2017-01-01 20:00:00,3066,291,1,40.7121,-74.0051521,35,3
2017-01-01 20:00:00,21106,640,2,40.711376,-74.005152,54,3
2017-01-01 20:00:00,1717,587,0,40.710567,-74.007338,15,3
2017-01-02 00:00:00,63383,328,1,40.713303,-74.002643,48,4
2017-01-02 00:00:00,30178,555,1,40.71297,-74.003983,31,4
2017-01-02 00:00:00,3066,425,1,40.7121,-74.0051521,32,4
2017-01-02 00:00:00,21106,245,1,40.711376,-74.005152,47,4
2017-01-02 00:00:00,57151,364,2,40.713328,-74.006911,63,4
2017-01-02 00:00:00,1717,576,2,40.710567,-74.007338,57,4
2017-01-02 04:00:00,30178,536,2,40.71297,-74.003983,62,2
2017-01-02 04:00:00,63383,417,1,40.713303,-74.002643,36,2
2017-01-02 04:00:00,21106,292,1,40.711376,-74.005152,39,2
2017-01-02 04:00:00,1717,544,0,40.710567,-74.007338,16,2
2017-01-02 04:00:00,3066,551,2,40.7121,-74.0051521,57,2
2017-01-02 04:00:00,57151,391,0,40.713328,-74.006911,21,2
2017-01-02 08:00:00,1717,247,1,40.710567,-74.007338,46,3
2017-01-02 08:00:00,30178,499,1,40.71297,-74.003983,43,3
2017-01-02 08:00:00,63383,603,1,40.713303,-74.002643,48,3
2017-01-02 08:00:00,3066,417,2,40.7121,-74.0051521,62,3
2017-01-02 08:00:00,57151,624,0,40.713328,-74.006911,23,3
2017-01-02 08:00:00,21106,472,1,40.711376,-74.005152,28,3
2017-01-02 12:00:00,21106,589,1,40.711376,-74.005152,45,3
2017-01-02 12:00:00,57151,382,1,40.713328,-74.006911,42,3
2017-01-02 12:00:00,30178,320,2,40.71297,-74.003983,60,3
2017-01-02 12:00:00,1717,378,1,40.710567,-74.007338,37,3
2017-01-02 12:00:00,3066,460,0,40.7121,-74.0051521,20,3
2017-01-02 12:00:00,63383,297,1,40.713303,-74.002643,51,3
2017-01-02 16:00:00,3066,350,0,40.7121,-74.0051521,22,3
2017-01-02 16:00:00,57151,585,1,40.713328,-74.006911,28,3
2017-01-02 16:00:00,63383,259,1,40.713303,-74.002643,32,3
2017-01-02 16:00:00,21106,540,1,40.711376,-74.005152,44,3
2017-01-02 16:00:00,1717,327,0,40.710567,-74.007338,17,3
2017-01-02 16:00:00,30178,358,1,40.71297,-74.003983,48,3
2017-01-02 20:00:00,3066,249,1,40.7121,-74.0051521,44,3
2017-01-02 20:00:00,21106,587,1,40.711376,-74.005152,43,3
2017-01-02 20:00:00,1717,642,0,40.710567,-74.007338,15,3
2017-01-02 20:00:00,63383,638,2,40.713303,-74.002643,56,3
2017-01-02 20:00:00,30178,572,2,40.71297,-74.003983,62,3
2017-01-02 20:00:00,57151,572,1,40.713328,-74.006911,40,3
2017-01-03 00:00:00,21106,251,1,40.711376,-74.005152,50,2
2017-01-03 00:00:00,30178,313,1,40.71297,-74.003983,33,2
2017-01-03 00:00:00,1717,278,1,40.710567,-74.007338,50,2
2017-01-03 00:00:00,63383,510,1,40.713303,-74.002643,32,2
2017-01-03 00:00:00,3066,601,1,40.7121,-74.0051521,33,2
2017-01-03 00:00:00,57151,366,2,40.713328,-74.006911,63,2
2017-01-03 04:00:00,63383,324,0,40.713303,-74.002643,14,2
2017-01-03 04:00:00,30178,374,1,40.71297,-74.003983,42,2
2017-01-03 04:00:00,1717,315,1,40.710567,-74.007338,43,2
2017-01-03 04:00:00,21106,557,0,40.711376,-74.005152,23,2
2017-01-03 04:00:00,3066,398,2,40.7121,-74.0051521,65,2
2017-01-03 04:00:00,57151,626,1,40.713328,-74.006911,26,2
2017-01-03 08:00:00,30178,508,1,40.71297,-74.003983,27,1
2017-01-03 08:00:00,21106,351,1,40.711376,-74.005152,28,1
2017-01-03 08:00:00,3066,504,0,40.7121,-74.0051521,20,1
2017-01-03 08:00:00,63383,259,0,40.713303,-74.002643,20,1
2017-01-03 08:00:00,1717,422,2,40.710567,-74.007338,60,1
2017-01-03 08:00:00,57151,605,0,40.713328,-74.006911,16,1
2017-01-03 12:00:00,63383,446,0,40.713303,-74.002643,24,5
2017-01-03 12:00:00,30178,377,1,40.71297,-74.003983,49,5
2017-01-03 12:00:00,57151,617,2,40.713328,-74.006911,60,5
2017-01-03 12:00:00,1717,626,1,40.710567,-74.007338,44,5
2017-01-03 12:00:00,3066,309,1,40.7121,-74.0051521,39,5
2017-01-03 12:00:00,21106,625,1,40.711376,-74.005152,41,5
2017-01-03 16:00:00,3066,421,1,40.7121,-74.0051521,27,5
2017-01-03 16:00:00,63383,565,2,40.713303,-74.002643,60,5
2017-01-03 16:00:00,57151,620,1,40.713328,-74.006911,49,5
2017-01-03 16:00:00,30178,549,1,40.71297,-74.003983,36,5
2017-01-03 16:00:00,1717,502,2,40.710567,-74.007338,60,5
2017-01-03 16:00:00,21106,430,1,40.711376,-74.005152,48,5
2017-01-03 20:00:00,21106,409,1,40.711376,-74.005152,32,2
2017-01-03 20:00:00,63383,457,0,40.713303,-74.002643,20,2
2017-01-03 20:00:00,3066,564,1,40.7121,-74.0051521,41,2
2017-01-03 20:00:00,1717,320,2,40.710567,-74.007338,63,2
2017-01-03 20:00:00,57151,374,2,40.713328,-74.006911,64,2
2017-01-03 20:00:00,30178,381,0,40.71297,-74.003983,19,2
2017-01-04 00:00:00,3066,339,1,40.7121,-74.0051521,48,1
2017-01-04 00:00:00,1717,439,1,40.710567,-74.007338,38,1
2017-01-04 00:00:00,21106,326,1,40.711376,-74.005152,46,1
2017-01-04 00:00:00,63383,602,0,40.713303,-74.002643,23,1
2017-01-04 00:00:00,57151,639,1,40.713328,-74.006911,27,1
2017-01-04 00:00:00,30178,531,1,40.71297,-74.003983,50,1
2017-01-04 04:00:00,30178,622,1,40.71297,-74.003983,41,2
2017-01-04 04:00:00,21106,599,1,40.711376,-74.005152,31,2
2017-01-04 04:00:00,3066,415,0,40.7121,-74.0051521,22,2
2017-01-04 04:00:00,57151,511,0,40.713328,-74.006911,13,2
2017-01-04 04:00:00,1717,496,1,40.710567,-74.007338,51,2
2017-01-04 04:00:00,63383,271,1,40.713303,-74.002643,52,2
2017-01-04 08:00:00,21106,277,2,40.711376,-74.005152,55,3
2017-01-04 08:00:00,3066,611,1,40.7121,-74.0051521,46,3
2017-01-04 08:00:00,57151,315,1,40.713328,-74.006911,28,3
2017-01-04 08:00:00,1717,616,2,40.710567,-74.007338,64,3
2017-01-04 08:00:00,63383,329,0,40.713303,-74.002643,20,3
2017-01-04 08:00:00,30178,348,2,40.71297,-74.003983,64,3
2017-01-04 12:00:00,3066,278,1,40.7121,-74.0051521,34,2
2017-01-04 12:00:00,21106,487,2,40.711376,-74.005152,53,2
2017-01-04 12:00:00,30178,526,2,40.71297,-74.003983,62,2
2017-01-04 12:00:00,1717,466,1,40.710567,-74.007338,34,2
2017-01-04 12:00:00,63383,249,1,40.713303,-74.002643,38,2
2017-01-04 12:00:00,57151,601,1,40.713328,-74.006911,39,2
2017-01-05 04:00:00,30178,465,1,40.71297,-74.003983,26,6
2017-01-05 04:00:00,1717,509,1,40.710567,-74.007338,43,6
2017-01-05 04:00:00,3066,383,1,40.7121,-74.0051521,51,6
2017-01-05 04:00:00,57151,626,2,40.713328,-74.006911,59,6
2017-01-05 04:00:00,21106,483,1,40.711376,-74.005152,29,6
2017-01-05 04:00:00,63383,586,1,40.713303,-74.002643,39,6
2017-01-06 16:00:00,1717,581,1,40.710567,-74.007338,39,3
2017-01-06 16:00:00,57151,286,2,40.713328,-74.006911,56,3
2017-01-06 16:00:00,63383,571,2,40.713303,-74.002643,62,3
2017-01-06 16:00:00,3066,387,1,40.7121,-74.0051521,38,3
2017-01-06 16:00:00,21106,383,2,40.711376,-74.005152,52,3
2017-01-06 16:00:00,30178,237,1,40.71297,-74.003983,50,3
2017-01-06 20:00:00,3066,307,2,40.7121,-74.0051521,56,3
2017-01-06 20:00:00,30178,465,0,40.71297,-74.003983,16,3
2017-01-06 20:00:00,63383,504,1,40.713303,-74.002643,32,3
2017-01-06 20:00:00,57151,290,1,40.713328,-74.006911,43,3
2017-01-06 20:00:00,21106,486,2,40.711376,-74.005152,54,3
2017-01-06 20:00:00,1717,389,2,40.710567,-74.007338,59,3
2017-01-07 00:00:00,3066,589,2,40.7121,-74.0051521,58,2
2017-01-07 00:00:00,21106,474,0,40.711376,-74.005152,14,2
2017-01-07 00:00:00,63383,484,0,40.713303,-74.002643,16,2
2017-01-07 00:00:00,30178,615,1,40.71297,-74.003983,43,2
2017-01-07 00:00:00,57151,484,2,40.713328,-74.006911,64,2
2017-01-07 00:00:00,1717,396,1,40.710567,-74.007338,32,2
2017-01-07 04:00:00,21106,347,1,40.711376,-74.005152,51,2
2017-01-07 04:00:00,30178,364,0,40.71297,-74.003983,25,2
2017-01-07 04:00:00,63383,589,2,40.713303,-74.002643,62,2
2017-01-07 04:00:00,1717,532,1,40.710567,-74.007338,31,2
2017-01-07 04:00:00,3066,384,1,40.7121,-74.0051521,51,2
2017-01-07 04:00:00,57151,514,1,40.713328,-74.006911,29,2
2017-01-07 08:00:00,1717,540,1,40.710567,-74.007338,29,2
2017-01-07 08:00:00,57151,647,1,40.713328,-74.006911,30,2
2017-01-07 08:00:00,30178,594,0,40.71297,-74.003983,21,2
2017-01-07 08:00:00,3066,275,1,40.7121,-74.0051521,52,2
2017-01-07 08:00:00,63383,600,2,40.713303,-74.002643,61,2
2017-01-07 08:00:00,21106,459,0,40.711376,-74.005152,16,2
2017-01-07 12:00:00,57151,357,1,40.713328,-74.006911,39,2
2017-01-07 12:00:00,30178,458,2,40.71297,-74.003983,53,2
2017-01-07 12:00:00,3066,484,1,40.7121,-74.0051521,46,2
2017-01-07 12:00:00,63383,509,2,40.713303,-74.002643,56,2
2017-01-07 12:00:00,1717,335,0,40.710567,-74.007338,22,2
2017-01-07 12:00:00,21106,497,1,40.711376,-74.005152,52,2
2017-01-07 16:00:00,3066,646,1,40.7121,-74.0051521,44,2
2017-01-07 16:00:00,21106,316,1,40.711376,-74.005152,40,2
2017-01-07 16:00:00,57151,277,0,40.713328,-74.006911,25,2
2017-01-07 16:00:00,1717,387,1,40.710567,-74.007338,27,2
2017-01-07 16:00:00,30178,603,1,40.71297,-74.003983,50,2
2017-01-07 16:00:00,63383,511,0,40.713303,-74.002643,14,2
2017-01-07 20:00:00,21106,350,0,40.711376,-74.005152,21,2
2017-01-07 20:00:00,30178,346,1,40.71297,-74.003983,51,2
2017-01-07 20:00:00,3066,283,0,40.7121,-74.0051521,13,2
2017-01-07 20:00:00,63383,335,0,40.713303,-74.002643,18,2
2017-01-07 20:00:00,57151,259,0,40.713328,-74.006911,14,2
2017-01-07 20:00:00,1717,642,0,40.710567,-74.007338,19,2
2017-01-08 00:00:00,63383,471,2,40.713303,-74.002643,54,1
2017-01-08 00:00:00,30178,349,1,40.71297,-74.003983,28,1
2017-01-08 00:00:00,3066,560,1,40.7121,-74.0051521,36,1
2017-01-08 00:00:00,57151,287,0,40.713328,-74.006911,14,1
2017-01-08 00:00:00,21106,647,1,40.711376,-74.005152,35,1
2017-01-08 00:00:00,1717,343,2,40.710567,-74.007338,57,1
2017-01-08 04:00:00,3066,513,2,40.7121,-74.0051521,62,2
2017-01-08 04:00:00,30178,640,2,40.71297,-74.003983,61,2
2017-01-08 04:00:00,57151,386,0,40.713328,-74.006911,24,2
2017-01-08 04:00:00,63383,542,1,40.713303,-74.002643,51,2
2017-01-08 04:00:00,21106,346,1,40.711376,-74.005152,27,2
2017-01-08 04:00:00,1717,437,1,40.710567,-74.007338,27,2
2017-01-08 08:00:00,21106,382,1,40.711376,-74.005152,47,2
2017-01-08 08:00:00,30178,321,0,40.71297,-74.003983,24,2
2017-01-08 08:00:00,3066,429,1,40.7121,-74.0051521,46,2
2017-01-08 08:00:00,57151,551,1,40.713328,-74.006911,41,2
2017-01-08 08:00:00,63383,473,2,40.713303,-74.002643,61,2
2017-01-08 08:00:00,1717,344,0,40.710567,-74.007338,22,2
2017-01-08 12:00:00,57151,356,1,40.713328,-74.006911,29,3
2017-01-08 12:00:00,3066,334,1,40.7121,-74.0051521,27,3
2017-01-08 12:00:00,63383,279,1,40.713303,-74.002643,28,3
2017-01-08 12:00:00,21106,354,0,40.711376,-74.005152,22,3
2017-01-08 12:00:00,1717,326,1,40.710567,-74.007338,38,3
2017-01-08 12:00:00,30178,567,1,40.71297,-74.003983,40,3
2017-01-08 16:00:00,57151,574,2,40.713328,-74.006911,62,3
2017-01-08 16:00:00,21106,439,1,40.711376,-74.005152,34,3
2017-01-08 16:00:00,30178,364,1,40.71297,-74.003983,38,3
2017-01-08 16:00:00,63383,339,1,40.713303,-74.002643,30,3
2017-01-08 16:00:00,1717,406,0,40.710567,-74.007338,20,3
2017-01-08 16:00:00,3066,328,1,40.7121,-74.0051521,47,3
2017-01-08 20:00:00,1717,593,2,40.710567,-74.007338,64,3
2017-01-08 20:00:00,21106,453,2,40.711376,-74.005152,61,3
2017-01-08 20:00:00,57151,271,2,40.713328,-74.006911,59,3
2017-01-08 20:00:00,3066,531,2,40.7121,-74.0051521,62,3
2017-01-08 20:00:00,30178,415,1,40.71297,-74.003983,46,3
2017-01-08 20:00:00,63383,596,1,40.713303,-74.002643,50,3
2017-01-09 00:00:00,1717,527,2,40.710567,-74.007338,52,1
2017-01-09 00:00:00,3066,260,1,40.7121,-74.0051521,29,1
2017-01-09 00:00:00,63383,563,2,40.713303,-74.002643,63,1
2017-01-09 00:00:00,57151,568,1,40.713328,-74.006911,44,1
2017-01-09 00:00:00,21106,556,0,40.711376,-74.005152,13,1
2017-01-09 00:00:00,30178,482,0,40.71297,-74.003983,19,1
2017-01-09 04:00:00,57151,328,1,40.713328,-74.006911,29,2
2017-01-09 04:00:00,21106,545,1,40.711376,-74.005152,30,2
2017-01-09 04:00:00,1717,306,1,40.710567,-74.007338,46,2
2017-01-09 04:00:00,3066,443,1,40.7121,-74.0051521,41,2
2017-01-09 04:00:00,63383,361,2,40.713303,-74.002643,63,2
2017-01-09 04:00:00,30178,612,1,40.71297,-74.003983,26,2
2017-01-09 08:00:00,30178,449,1,40.71297,-74.003983,42,2
2017-01-09 08:00:00,21106,564,2,40.711376,-74.005152,60,2
2017-01-09 08:00:00,57151,525,1,40.713328,-74.006911,32,2
2017-01-09 08:00:00,3066,558,0,40.7121,-74.0051521,23,2
2017-01-09 08:00:00,1717,605,1,40.710567,-74.007338,34,2
2017-01-09 08:00:00,63383,515,0,40.713303,-74.002643,22,2
2017-01-09 12:00:00,57151,275,1,40.713328,-74.006911,28,3
2017-01-09 12:00:00,30178,339,0,40.71297,-74.003983,25,3
2017-01-09 12:00:00,63383,457,1,40.713303,-74.002643,35,3
2017-01-09 12:00:00,3066,621,2,40.7121,-74.0051521,63,3
2017-01-09 12:00:00,21106,334,1,40.711376,-74.005152,48,3
2017-01-09 12:00:00,1717,300,0,40.710567,-74.007338,15,3
2017-01-09 16:00:00,21106,383,2,40.711376,-74.005152,55,3
2017-01-09 16:00:00,30178,347,1,40.71297,-74.003983,28,3
2017-01-09 16:00:00,63383,427,2,40.713303,-74.002643,60,3
2017-01-09 16:00:00,3066,470,0,40.7121,-74.0051521,23,3
2017-01-09 16:00:00,1717,498,2,40.710567,-74.007338,63,3
2017-01-09 16:00:00,57151,644,2,40.713328,-74.006911,62,3
2017-01-09 20:00:00,57151,567,0,40.713328,-74.006911,21,3
2017-01-09 20:00:00,30178,574,1,40.71297,-74.003983,44,3
2017-01-09 20:00:00,63383,647,1,40.713303,-74.002643,43,3
2017-01-09 20:00:00,21106,599,0,40.711376,-74.005152,21,3
2017-01-09 20:00:00,3066,525,2,40.7121,-74.0051521,60,3
2017-01-09 20:00:00,1717,337,0,40.710567,-74.007338,15,3
2017-01-10 00:00:00,1717,605,0,40.710567,-74.007338,25,7
2017-01-10 00:00:00,57151,406,1,40.713328,-74.006911,39,7
2017-01-10 00:00:00,63383,411,0,40.713303,-74.002643,16,7
2017-01-10 00:00:00,3066,276,1,40.7121,-74.0051521,33,7
2017-01-10 00:00:00,30178,301,0,40.71297,-74.003983,13,7
2017-01-10 00:00:00,21106,393,1,40.711376,-74.005152,43,7
2017-01-10 08:00:00,57151,422,1,40.713328,-74.006911,36,2
2017-01-10 08:00:00,63383,448,1,40.713303,-74.002643,37,2
2017-01-10 08:00:00,1717,611,0,40.710567,-74.007338,25,2
2017-01-10 08:00:00,30178,300,0,40.71297,-74.003983,15,2
2017-01-10 08:00:00,21106,597,0,40.711376,-74.005152,23,2
2017-01-10 08:00:00,3066,283,2,40.7121,-74.0051521,59,2
2017-01-10 12:00:00,63383,627,1,40.713303,-74.002643,27,3
2017-01-10 12:00:00,57151,269,2,40.713328,-74.006911,58,3
2017-01-10 12:00:00,21106,467,1,40.711376,-74.005152,43,3
2017-01-10 12:00:00,30178,595,2,40.71297,-74.003983,53,3
2017-01-10 12:00:00,1717,550,1,40.710567,-74.007338,32,3
2017-01-10 12:00:00,3066,328,0,40.7121,-74.0051521,14,3
2017-01-10 16:00:00,57151,379,1,40.713328,-74.006911,47,3
2017-01-10 16:00:00,3066,328,1,40.7121,-74.0051521,29,3
2017-01-10 16:00:00,30178,510,0,40.71297,-74.003983,23,3
2017-01-10 16:00:00,63383,540,1,40.713303,-74.002643,52,3
2017-01-10 16:00:00,1717,612,1,40.710567,-74.007338,51,3
2017-01-10 16:00:00,21106,350,1,40.711376,-74.005152,49,3
2017-01-10 20:00:00,1717,356,0,40.710567,-74.007338,18,3
2017-01-10 20:00:00,3066,427,0,40.7121,-74.0051521,17,3
2017-01-10 20:00:00,21106,625,1,40.711376,-74.005152,27,3
2017-01-10 20:00:00,57151,258,1,40.713328,-74.006911,28,3
2017-01-10 20:00:00,63383,312,1,40.713303,-74.002643,30,3
2017-01-10 20:00:00,30178,235,0,40.71297,-74.003983,15,3
2017-01-11 00:00:00,30178,374,2,40.71297,-74.003983,53,1
2017-01-11 00:00:00,57151,450,1,40.713328,-74.006911,37,1
2017-01-11 00:00:00,21106,585,0,40.711376,-74.005152,17,1
2017-01-11 00:00:00,1717,576,1,40.710567,-74.007338,45,1
2017-01-11 00:00:00,63383,567,0,40.713303,-74.002643,25,1
2017-01-11 00:00:00,3066,543,1,40.7121,-74.0051521,26,1
2017-01-11 04:00:00,1717,585,2,40.710567,-74.007338,58,1
2017-01-11 04:00:00,21106,594,0,40.711376,-74.005152,23,1
2017-01-11 04:00:00,3066,588,0,40.7121,-74.0051521,24,1
2017-01-11 04:00:00,30178,568,1,40.71297,-74.003983,43,1
2017-01-11 04:00:00,63383,486,1,40.713303,-74.002643,33,1
2017-01-11 04:00:00,57151,498,0,40.713328,-74.006911,23,1
2017-01-11 08:00:00,3066,641,0,40.7121,-74.0051521,25,3
2017-01-11 08:00:00,21106,256,2,40.711376,-74.005152,62,3
2017-01-11 08:00:00,1717,323,2,40.710567,-74.007338,62,3
2017-01-11 08:00:00,63383,465,1,40.713303,-74.002643,29,3
2017-01-11 08:00:00,30178,427,1,40.71297,-74.003983,38,3
2017-01-11 08:00:00,57151,520,1,40.713328,-74.006911,51,3
2017-01-11 12:00:00,57151,328,0,40.713328,-74.006911,15,3
2017-01-11 12:00:00,63383,539,2,40.713303,-74.002643,56,3
2017-01-11 12:00:00,30178,289,1,40.71297,-74.003983,48,3
2017-01-11 12:00:00,21106,293,0,40.711376,-74.005152,20,3
2017-01-11 12:00:00,1717,454,2,40.710567,-74.007338,53,3
2017-01-11 12:00:00,3066,477,0,40.7121,-74.0051521,19,3
2017-01-11 16:00:00,30178,523,1,40.71297,-74.003983,51,3
2017-01-11 16:00:00,1717,358,0,40.710567,-74.007338,24,3
2017-01-11 16:00:00,57151,499,1,40.713328,-74.006911,36,3
2017-01-11 16:00:00,21106,238,2,40.711376,-74.005152,60,3
2017-01-11 16:00:00,3066,465,1,40.7121,-74.0051521,33,3
2017-01-11 16:00:00,63383,482,1,40.713303,-74.002643,51,3
2017-01-11 20:00:00,30178,240,2,40.71297,-74.003983,60,3
2017-01-11 20:00:00,21106,233,1,40.711376,-74.005152,46,3
2017-01-11 20:00:00,3066,328,1,40.7121,-74.0051521,43,3
2017-01-11 20:00:00,63383,453,1,40.713303,-74.002643,51,3
2017-01-11 20:00:00,57151,644,1,40.713328,-74.006911,34,3
2017-01-11 20:00:00,1717,395,1,40.710567,-74.007338,32,3
2017-01-12 00:00:00,21106,596,0,40.711376,-74.005152,19,1
2017-01-12 00:00:00,57151,559,0,40.713328,-74.006911,18,1
2017-01-12 00:00:00,1717,594,1,40.710567,-74.007338,29,1
2017-01-12 00:00:00,63383,526,0,40.713303,-74.002643,19,1
2017-01-12 00:00:00,3066,595,1,40.7121,-74.0051521,34,1
2017-01-12 00:00:00,30178,498,0,40.71297,-74.003983,18,1
2017-01-12 04:00:00,21106,630,2,40.711376,-74.005152,53,1
2017-01-12 04:00:00,57151,241,1,40.713328,-74.006911,50,1
2017-01-12 04:00:00,30178,237,1,40.71297,-74.003983,47,1
2017-01-12 04:00:00,1717,284,1,40.710567,-74.007338,43,1
2017-01-12 04:00:00,3066,512,2,40.7121,-74.0051521,62,1
2017-01-12 04:00:00,63383,241,0,40.713303,-74.002643,14,1
2017-01-12 08:00:00,3066,484,0,40.7121,-74.0051521,23,1
2017-01-12 08:00:00,57151,472,2,40.713328,-74.006911,52,1
2017-01-12 08:00:00,21106,598,1,40.711376,-74.005152,28,1
2017-01-12 08:00:00,63383,490,1,40.713303,-74.002643,38,1
2017-01-12 08:00:00,30178,315,2,40.71297,-74.003983,55,1
2017-01-12 08:00:00,1717,285,1,40.710567,-74.007338,39,1
2017-01-12 12:00:00,30178,371,1,40.71297,-74.003983,48,2
2017-01-12 12:00:00,3066,473,2,40.7121,-74.0051521,58,2
2017-01-12 12:00:00,21106,246,0,40.711376,-74.005152,16,2
2017-01-12 12:00:00,57151,434,1,40.713328,-74.006911,42,2
2017-01-12 12:00:00,63383,521,1,40.713303,-74.002643,38,2
2017-01-12 12:00:00,1717,642,2,40.710567,-74.007338,64,2
2017-01-12 16:00:00,30178,547,2,40.71297,-74.003983,54,3
2017-01-12 16:00:00,3066,386,1,40.7121,-74.0051521,44,3
2017-01-12 16:00:00,21106,315,1,40.711376,-74.005152,50,3
2017-01-12 16:00:00,63383,357,1,40.713303,-74.002643,41,3
2017-01-12 16:00:00,1717,315,0,40.710567,-74.007338,24,3
2017-01-12 16:00:00,57151,325,0,40.713328,-74.006911,25,3
2017-01-12 20:00:00,3066,239,2,40.7121,-74.0051521,52,3
2017-01-12 20:00:00,63383,361,0,40.713303,-74.002643,13,3
2017-01-12 20:00:00,21106,308,0,40.711376,-74.005152,23,3
2017-01-12 20:00:00,1717,543,1,40.710567,-74.007338,38,3
2017-01-12 20:00:00,30178,239,1,40.71297,-74.003983,41,3
2017-01-12 20:00:00,57151,577,1,40.713328,-74.006911,26,3
2017-01-13 00:00:00,1717,361,1,40.710567,-74.007338,38,1
2017-01-13 00:00:00,21106,315,1,40.711376,-74.005152,29,1
2017-01-13 00:00:00,3066,337,2,40.7121,-74.0051521,53,1
2017-01-13 00:00:00,30178,515,1,40.71297,-74.003983,51,1
2017-01-13 00:00:00,63383,260,2,40.713303,-74.002643,60,1
2017-01-13 00:00:00,57151,570,0,40.713328,-74.006911,21,1
2017-01-13 04:00:00,30178,508,2,40.71297,-74.003983,53,1
2017-01-13 04:00:00,21106,457,2,40.711376,-74.005152,57,1
2017-01-13 04:00:00,57151,409,0,40.713328,-74.006911,14,1
2017-01-13 04:00:00,63383,361,2,40.713303,-74.002643,64,1
2017-01-13 04:00:00,1717,429,1,40.710567,-74.007338,35,1
2017-01-13 04:00:00,3066,246,1,40.7121,-74.0051521,27,1
2017-01-13 08:00:00,1717,274,0,40.710567,-74.007338,21,8
2017-01-13 08:00:00,21106,566,0,40.711376,-74.005152,24,8
2017-01-13 08:00:00,57151,417,2,40.713328,-74.006911,54,8
2017-01-13 08:00:00,3066,451,0,40.7121,-74.0051521,22,8
2017-01-13 08:00:00,63383,405,1,40.713303,-74.002643,30,8
2017-01-13 08:00:00,30178,282,1,40.71297,-74.003983,37,8
2017-01-13 12:00:00,3066,231,0,40.7121,-74.0051521,19,2
2017-01-13 12:00:00,1717,619,1,40.710567,-74.007338,31,2
2017-01-13 12:00:00,21106,324,1,40.711376,-74.005152,49,2
2017-01-13 12:00:00,63383,339,2,40.713303,-74.002643,65,2
2017-01-13 12:00:00,57151,325,1,40.713328,-74.006911,37,2
2017-01-13 12:00:00,30178,618,0,40.71297,-74.003983,19,2
2017-01-13 16:00:00,1717,500,2,40.710567,-74.007338,62,2
2017-01-13 16:00:00,30178,518,0,40.71297,-74.003983,15,2
2017-01-13 16:00:00,63383,233,0,40.713303,-74.002643,21,2
2017-01-13 16:00:00,21106,336,2,40.711376,-74.005152,63,2
2017-01-13 16:00:00,57151,611,0,40.713328,-74.006911,14,2
2017-01-13 16:00:00,3066,304,0,40.7121,-74.0051521,13,2
2017-01-13 20:00:00,3066,233,0,40.7121,-74.0051521,21,8
2017-01-13 20:00:00,57151,479,2,40.713328,-74.006911,59,8
2017-01-13 20:00:00,21106,261,2,40.711376,-74.005152,53,8
2017-01-13 20:00:00,63383,445,1,40.713303,-74.002643,33,8
2017-01-13 20:00:00,30178,246,2,40.71297,-74.003983,53,8
2017-01-13 20:00:00,1717,338,2,40.710567,-74.007338,52,8
2017-01-14 00:00:00,1717,279,0,40.710567,-74.007338,16,1
2017-01-14 00:00:00,57151,234,1,40.713328,-74.006911,39,1
2017-01-14 00:00:00,3066,290,1,40.7121,-74.0051521,39,1
2017-01-14 00:00:00,21106,342,1,40.711376,-74.005152,35,1
2017-01-14 00:00:00,63383,331,0,40.713303,-74.002643,18,1
2017-01-14 00:00:00,30178,633,0,40.71297,-74.003983,19,1
2017-01-14 04:00:00,1717,443,2,40.710567,-74.007338,59,8
2017-01-14 04:00:00,30178,561,1,40.71297,-74.003983,28,8
2017-01-14 04:00:00,21106,396,0,40.711376,-74.005152,20,8
2017-01-14 04:00:00,57151,563,2,40.713328,-74.006911,56,8
2017-01-14 04:00:00,63383,520,0,40.713303,-74.002643,15,8
2017-01-14 04:00:00,3066,542,0,40.7121,-74.0051521,18,8
2017-01-14 08:00:00,21106,272,0,40.711376,-74.005152,25,2
2017-01-14 08:00:00,30178,351,2,40.71297,-74.003983,62,2
2017-01-14 08:00:00,1717,377,2,40.710567,-74.007338,62,2
2017-01-14 08:00:00,63383,634,1,40.713303,-74.002643,39,2
2017-01-14 08:00:00,57151,631,1,40.713328,-74.006911,32,2
2017-01-14 08:00:00,3066,390,1,40.7121,-74.0051521,48,2
2017-01-14 12:00:00,63383,272,1,40.713303,-74.002643,48,2
2017-01-14 12:00:00,3066,333,0,40.7121,-74.0051521,25,2
2017-01-14 12:00:00,30178,528,0,40.71297,-74.003983,24,2
2017-01-14 12:00:00,21106,581,0,40.711376,-74.005152,21,2
2017-01-14 12:00:00,1717,413,1,40.710567,-74.007338,41,2
2017-01-14 12:00:00,57151,416,2,40.713328,-74.006911,65,2
2017-01-14 16:00:00,30178,236,0,40.71297,-74.003983,25,2
2017-01-14 16:00:00,63383,309,0,40.713303,-74.002643,17,2
2017-01-14 16:00:00,21106,489,2,40.711376,-74.005152,57,2
2017-01-14 16:00:00,3066,447,2,40.7121,-74.0051521,53,2
2017-01-14 16:00:00,57151,260,2,40.713328,-74.006911,59,2
2017-01-14 16:00:00,1717,377,0,40.710567,-74.007338,13,2
2017-01-14 20:00:00,57151,382,1,40.713328,-74.006911,30,3
2017-01-14 20:00:00,3066,306,0,40.7121,-74.0051521,24,3
2017-01-14 20:00:00,63383,402,1,40.713303,-74.002643,31,3
2017-01-14 20:00:00,21106,480,1,40.711376,-74.005152,26,3
2017-01-14 20:00:00,1717,352,1,40.710567,-74.007338,31,3
2017-01-14 20:00:00,30178,599,1,40.71297,-74.003983,47,3
2017-01-15 00:00:00,21106,523,1,40.711376,-74.005152,50,1
2017-01-15 00:00:00,30178,314,2,40.71297,-74.003983,55,1
2017-01-15 00:00:00,3066,544,1,40.7121,-74.0051521,46,1
2017-01-15 00:00:00,57151,249,0,40.713328,-74.006911,18,1
2017-01-15 00:00:00,1717,509,2,40.710567,-74.007338,62,1
2017-01-15 00:00:00,63383,393,2,40.713303,-74.002643,54,1
2017-01-15 04:00:00,63383,405,1,40.713303,-74.002643,30,1
2017-01-15 04:00:00,21106,295,1,40.711376,-74.005152,28,1
2017-01-15 04:00:00,3066,423,0,40.7121,-74.0051521,24,1
2017-01-15 04:00:00,1717,487,1,40.710567,-74.007338,29,1
2017-01-15 04:00:00,30178,495,0,40.71297,-74.003983,13,1
2017-01-15 04:00:00,57151,594,2,40.713328,-74.006911,62,1
2017-01-15 08:00:00,21106,603,1,40.711376,-74.005152,29,2
2017-01-15 08:00:00,3066,358,1,40.7121,-74.0051521,51,2
2017-01-15 08:00:00,30178,246,2,40.71297,-74.003983,57,2
2017-01-15 08:00:00,1717,410,1,40.710567,-74.007338,45,2
2017-01-15 08:00:00,57151,628,0,40.713328,-74.006911,20,2
2017-01-15 08:00:00,63383,458,0,40.713303,-74.002643,19,2
2017-01-15 12:00:00,1717,360,2,40.710567,-74.007338,56,3
2017-01-15 12:00:00,63383,591,1,40.713303,-74.002643,37,3
2017-01-15 12:00:00,3066,599,0,40.7121,-74.0051521,22,3
2017-01-15 12:00:00,57151,280,1,40.713328,-74.006911,29,3
2017-01-15 12:00:00,30178,329,1,40.71297,-74.003983,41,3
2017-01-15 12:00:00,21106,291,2,40.711376,-74.005152,61,3
2017-01-15 16:00:00,1717,622,1,40.710567,-74.007338,50,3
2017-01-15 16:00:00,21106,317,2,40.711376,-74.005152,64,3
2017-01-15 16:00:00,57151,270,2,40.713328,-74.006911,63,3
2017-01-15 16:00:00,3066,528,0,40.7121,-74.0051521,20,3
2017-01-15 16:00:00,30178,528,1,40.71297,-74.003983,49,3
2017-01-15 16:00:00,63383,345,2,40.713303,-74.002643,58,3
2017-01-15 20:00:00,30178,481,2,40.71297,-74.003983,64,3
2017-01-15 20:00:00,63383,231,0,40.713303,-74.002643,20,3
2017-01-15 20:00:00,1717,611,1,40.710567,-74.007338,43,3
2017-01-15 20:00:00,21106,294,1,40.711376,-74.005152,44,3
2017-01-15 20:00:00,57151,639,1,40.713328,-74.006911,43,3
2017-01-15 20:00:00,3066,462,2,40.7121,-74.0051521,55,3
2017-01-16 00:00:00,21106,436,2,40.711376,-74.005152,65,1
2017-01-16 00:00:00,57151,347,2,40.713328,-74.006911,56,1
2017-01-16 00:00:00,1717,326,0,40.710567,-74.007338,17,1
2017-01-16 00:00:00,3066,642,1,40.7121,-74.0051521,51,1
2017-01-16 00:00:00,63383,550,1,40.713303,-74.002643,32,1
2017-01-16 00:00:00,30178,483,0,40.71297,-74.003983,17,1
2017-01-16 04:00:00,1717,352,1,40.710567,-74.007338,33,2
2017-01-16 04:00:00,30178,427,1,40.71297,-74.003983,31,2
2017-01-16 04:00:00,3066,542,1,40.7121,-74.0051521,38,2
2017-01-16 04:00:00,57151,411,1,40.713328,-74.006911,36,2
2017-01-16 04:00:00,63383,576,0,40.713303,-74.002643,13,2
2017-01-16 04:00:00,21106,560,1,40.711376,-74.005152,50,2
2017-01-16 08:00:00,1717,241,0,40.710567,-74.007338,20,8
2017-01-16 08:00:00,30178,369,1,40.71297,-74.003983,48,8
2017-01-16 08:00:00,63383,285,1,40.713303,-74.002643,38,8
2017-01-16 08:00:00,3066,279,2,40.7121,-74.0051521,54,8
2017-01-16 08:00:00,57151,562,1,40.713328,-74.006911,32,8
2017-01-16 08:00:00,21106,585,0,40.711376,-74.005152,22,8
2017-01-16 12:00:00,3066,461,1,40.7121,-74.0051521,27,3
2017-01-16 12:00:00,1717,367,1,40.710567,-74.007338,27,3
2017-01-16 12:00:00,30178,509,0,40.71297,-74.003983,24,3
2017-01-16 12:00:00,63383,253,1,40.713303,-74.002643,36,3
2017-01-16 12:00:00,57151,532,2,40.713328,-74.006911,53,3
2017-01-16 12:00:00,21106,544,1,40.711376,-74.005152,33,3
2017-01-16 16:00:00,3066,280,1,40.7121,-74.0051521,26,3
2017-01-16 16:00:00,63383,468,1,40.713303,-74.002643,39,3
2017-01-16 16:00:00,1717,472,2,40.710567,-74.007338,58,3
2017-01-16 16:00:00,21106,397,2,40.711376,-74.005152,54,3
2017-01-16 16:00:00,30178,251,1,40.71297,-74.003983,47,3
2017-01-16 16:00:00,57151,291,0,40.713328,-74.006911,23,3
2017-01-16 20:00:00,3066,509,2,40.7121,-74.0051521,57,3
2017-01-16 20:00:00,63383,465,1,40.713303,-74.002643,49,3
2017-01-16 20:00:00,30178,271,1,40.71297,-74.003983,28,3
2017-01-16 20:00:00,1717,635,2,40.710567,-74.007338,53,3
2017-01-16 20:00:00,21106,309,0,40.711376,-74.005152,15,3
2017-01-16 20:00:00,57151,557,1,40.713328,-74.006911,51,3
2017-01-17 04:00:00,57151,276,2,40.713328,-74.006911,64,2
2017-01-17 04:00:00,1717,322,0,40.710567,-74.007338,19,2
2017-01-17 04:00:00,21106,610,2,40.711376,-74.005152,63,2
2017-01-17 04:00:00,63383,646,1,40.713303,-74.002643,31,2
2017-01-17 04:00:00,30178,486,2,40.71297,-74.003983,62,2
2017-01-17 04:00:00,3066,401,2,40.7121,-74.0051521,62,2
2017-01-17 08:00:00,30178,314,2,40.71297,-74.003983,65,3
2017-01-17 08:00:00,57151,405,2,40.713328,-74.006911,61,3
2017-01-17 08:00:00,1717,432,1,40.710567,-74.007338,39,3
2017-01-17 08:00:00,3066,520,1,40.7121,-74.0051521,42,3
2017-01-17 08:00:00,63383,413,1,40.713303,-74.002643,27,3
2017-01-17 08:00:00,21106,320,1,40.711376,-74.005152,44,3
2017-01-17 12:00:00,1717,551,0,40.710567,-74.007338,24,3
2017-01-17 12:00:00,57151,428,2,40.713328,-74.006911,58,3
2017-01-17 12:00:00,21106,270,2,40.711376,-74.005152,63,3
2017-01-17 12:00:00,3066,521,0,40.7121,-74.0051521,25,3
2017-01-17 12:00:00,30178,308,0,40.71297,-74.003983,21,3
2017-01-17 12:00:00,63383,311,1,40.713303,-74.002643,29,3
2017-01-17 16:00:00,3066,436,0,40.7121,-74.0051521,20,3
2017-01-17 16:00:00,1717,505,0,40.710567,-74.007338,15,3
2017-01-17 16:00:00,57151,367,1,40.713328,-74.006911,30,3
2017-01-17 16:00:00,21106,471,2,40.711376,-74.005152,53,3
2017-01-17 16:00:00,30178,434,1,40.71297,-74.003983,28,3
2017-01-17 16:00:00,63383,307,1,40.713303,-74.002643,48,3
2017-01-17 20:00:00,57151,620,0,40.713328,-74.006911,24,3
2017-01-17 20:00:00,30178,237,1,40.71297,-74.003983,30,3
2017-01-17 20:00:00,1717,579,0,40.710567,-74.007338,23,3
2017-01-17 20:00:00,21106,302,1,40.711376,-74.005152,44,3
2017-01-17 20:00:00,3066,241,2,40.7121,-74.0051521,55,3
2017-01-17 20:00:00,63383,329,2,40.713303,-74.002643,62,3
2017-01-18 00:00:00,63383,602,1,40.713303,-74.002643,50,2
2017-01-18 00:00:00,1717,374,1,40.710567,-74.007338,40,2
2017-01-18 00:00:00,21106,473,1,40.711376,-74.005152,48,2
2017-01-18 00:00:00,30178,599,2,40.71297,-74.003983,64,2
2017-01-18 00:00:00,3066,406,1,40.7121,-74.0051521,26,2
2017-01-18 00:00:00,57151,512,1,40.713328,-74.006911,35,2
2017-01-18 04:00:00,63383,388,0,40.713303,-74.002643,17,2
2017-01-18 04:00:00,1717,624,2,40.710567,-74.007338,54,2
2017-01-18 04:00:00,30178,286,0,40.71297,-74.003983,16,2
2017-01-18 04:00:00,3066,506,1,40.7121,-74.0051521,46,2
2017-01-18 04:00:00,21106,397,1,40.711376,-74.005152,44,2
2017-01-18 04:00:00,57151,468,1,40.713328,-74.006911,41,2
2017-01-18 08:00:00,30178,488,1,40.71297,-74.003983,33,2
2017-01-18 08:00:00,63383,545,2,40.713303,-74.002643,62,2
2017-01-18 08:00:00,1717,617,2,40.710567,-74.007338,64,2
2017-01-18 08:00:00,3066,480,1,40.7121,-74.0051521,51,2
2017-01-18 08:00:00,21106,374,1,40.711376,-74.005152,29,2
2017-01-18 08:00:00,57151,423,1,40.713328,-74.006911,46,2
2017-01-18 12:00:00,57151,645,1,40.713328,-74.006911,44,3
2017-01-18 12:00:00,3066,296,2,40.7121,-74.0051521,62,3
2017-01-18 12:00:00,21106,384,1,40.711376,-74.005152,30,3
2017-01-18 12:00:00,1717,512,1,40.710567,-74.007338,37,3
2017-01-18 12:00:00,30178,471,0,40.71297,-74.003983,17,3
2017-01-18 12:00:00,63383,387,0,40.713303,-74.002643,19,3
2017-01-18 16:00:00,1717,455,2,40.710567,-74.007338,56,3
2017-01-18 16:00:00,3066,359,1,40.7121,-74.0051521,27,3
2017-01-18 16:00:00,63383,467,1,40.713303,-74.002643,26,3
2017-01-18 16:00:00,21106,351,1,40.711376,-74.005152,44,3
2017-01-18 16:00:00,30178,239,2,40.71297,-74.003983,53,3
2017-01-18 16:00:00,57151,361,1,40.713328,-74.006911,30,3
2017-01-18 20:00:00,63383,612,0,40.713303,-74.002643,15,3
2017-01-18 20:00:00,3066,383,1,40.7121,-74.0051521,29,3
2017-01-18 20:00:00,1717,610,0,40.710567,-74.007338,19,3
2017-01-18 20:00:00,30178,585,0,40.71297,-74.003983,25,3
2017-01-18 20:00:00,21106,577,0,40.711376,-74.005152,18,3
2017-01-18 20:00:00,57151,387,2,40.713328,-74.006911,54,3
2017-01-19 00:00:00,63383,577,1,40.713303,-74.002643,37,8
2017-01-19 00:00:00,1717,532,2,40.710567,-74.007338,54,8
2017-01-19 00:00:00,57151,457,0,40.713328,-74.006911,24,8
2017-01-19 00:00:00,21106,649,0,40.711376,-74.005152,20,8
2017-01-19 00:00:00,3066,380,2,40.7121,-74.0051521,56,8
2017-01-19 00:00:00,30178,274,0,40.71297,-74.003983,13,8
2017-01-19 04:00:00,57151,477,1,40.713328,-74.006911,28,2
2017-01-19 04:00:00,21106,428,1,40.711376,-74.005152,49,2
2017-01-19 04:00:00,63383,265,1,40.713303,-74.002643,26,2
2017-01-19 04:00:00,30178,572,0,40.71297,-74.003983,13,2
2017-01-19 04:00:00,1717,548,2,40.710567,-74.007338,59,2
2017-01-19 04:00:00,3066,629,1,40.7121,-74.0051521,51,2
2017-01-19 08:00:00,21106,581,1,40.711376,-74.005152,49,2
2017-01-19 08:00:00,63383,441,2,40.713303,-74.002643,64,2
2017-01-19 08:00:00,3066,597,1,40.7121,-74.0051521,32,2
2017-01-19 08:00:00,30178,307,0,40.71297,-74.003983,22,2
2017-01-19 08:00:00,57151,376,2,40.713328,-74.006911,64,2
2017-01-19 08:00:00,1717,448,1,40.710567,-74.007338,26,2
2017-01-19 12:00:00,3066,483,1,40.7121,-74.0051521,27,3
2017-01-19 12:00:00,57151,432,2,40.713328,-74.006911,55,3
2017-01-19 12:00:00,30178,300,1,40.71297,-74.003983,50,3
2017-01-19 12:00:00,63383,599,1,40.713303,-74.002643,51,3
2017-01-19 12:00:00,21106,364,1,40.711376,-74.005152,29,3
2017-01-19 12:00:00,1717,534,1,40.710567,-74.007338,45,3
2017-01-19 16:00:00,1717,540,1,40.710567,-74.007338,40,3
2017-01-19 16:00:00,30178,481,1,40.71297,-74.003983,48,3
2017-01-19 16:00:00,21106,455,2,40.711376,-74.005152,54,3
2017-01-19 16:00:00,3066,485,2,40.7121,-74.0051521,60,3
2017-01-19 16:00:00,57151,286,1,40.713328,-74.006911,41,3
2017-01-19 16:00:00,63383,270,0,40.713303,-74.002643,14,3
2017-01-19 20:00:00,57151,588,0,40.713328,-74.006911,22,3
2017-01-19 20:00:00,63383,279,0,40.713303,-74.002643,25,3
2017-01-19 20:00:00,1717,540,2,40.710567,-74.007338,56,3
2017-01-19 20:00:00,3066,639,2,40.7121,-74.0051521,62,3
2017-01-19 20:00:00,21106,543,1,40.711376,-74.005152,36,3
2017-01-19 20:00:00,30178,256,0,40.71297,-74.003983,13,3
2017-01-20 00:00:00,57151,562,1,40.713328,-74.006911,34,1
2017-01-20 00:00:00,63383,550,0,40.713303,-74.002643,13,1
2017-01-20 00:00:00,3066,438,2,40.7121,-74.0051521,60,1
2017-01-20 00:00:00,1717,516,1,40.710567,-74.007338,50,1
2017-01-20 00:00:00,21106,443,1,40.711376,-74.005152,27,1
2017-01-20 00:00:00,30178,425,1,40.71297,-74.003983,29,1
2017-01-20 04:00:00,1717,259,0,40.710567,-74.007338,23,2
2017-01-20 04:00:00,30178,256,1,40.71297,-74.003983,30,2
2017-01-20 04:00:00,63383,535,1,40.713303,-74.002643,32,2
2017-01-20 04:00:00,21106,412,1,40.711376,-74.005152,35,2
2017-01-20 04:00:00,3066,484,2,40.7121,-74.0051521,61,2
2017-01-20 04:00:00,57151,341,0,40.713328,-74.006911,17,2
2017-01-20 08:00:00,30178,245,1,40.71297,-74.003983,32,2
2017-01-20 08:00:00,1717,515,1,40.710567,-74.007338,34,2
2017-01-20 08:00:00,63383,517,0,40.713303,-74.002643,19,2
2017-01-20 08:00:00,3066,506,1,40.7121,-74.0051521,28,2
2017-01-20 08:00:00,57151,527,0,40.713328,-74.006911,20,2
2017-01-20 08:00:00,21106,438,1,40.711376,-74.005152,38,2
2017-01-20 12:00:00,1717,450,1,40.710567,-74.007338,35,2
2017-01-20 12:00:00,57151,483,1,40.713328,-74.006911,41,2
2017-01-20 12:00:00,3066,377,1,40.7121,-74.0051521,46,2
2017-01-20 12:00:00,63383,251,1,40.713303,-74.002643,32,2
2017-01-20 12:00:00,30178,239,1,40.71297,-74.003983,45,2
2017-01-20 12:00:00,21106,512,1,40.711376,-74.005152,50,2
2017-01-20 16:00:00,3066,403,2,40.7121,-74.0051521,64,3
2017-01-20 16:00:00,63383,415,2,40.713303,-74.002643,52,3
2017-01-20 16:00:00,30178,638,0,40.71297,-74.003983,21,3
2017-01-20 16:00:00,1717,423,0,40.710567,-74.007338,17,3
2017-01-20 16:00:00,57151,333,1,40.713328,-74.006911,45,3
2017-01-20 16:00:00,21106,384,2,40.711376,-74.005152,54,3
2017-01-20 20:00:00,21106,414,1,40.711376,-74.005152,45,3
2017-01-20 20:00:00,3066,601,2,40.7121,-74.0051521,58,3
2017-01-20 20:00:00,57151,627,2,40.713328,-74.006911,59,3
2017-01-20 20:00:00,1717,362,1,40.710567,-74.007338,31,3
2017-01-20 20:00:00,30178,446,2,40.71297,-74.003983,63,3
2017-01-20 20:00:00,63383,262,0,40.713303,-74.002643,24,3
2017-01-21 00:00:00,1717,272,1,40.710567,-74.007338,32,1
2017-01-21 00:00:00,3066,278,1,40.7121,-74.0051521,48,1
2017-01-21 00:00:00,21106,442,1,40.711376,-74.005152,29,1
2017-01-21 00:00:00,30178,524,2,40.71297,-74.003983,55,1
2017-01-21 00:00:00,57151,487,1,40.713328,-74.006911,42,1
2017-01-21 00:00:00,63383,537,2,40.713303,-74.002643,62,1
2017-01-21 04:00:00,3066,296,0,40.7121,-74.0051521,14,1
2017-01-21 04:00:00,21106,259,1,40.711376,-74.005152,50,1
2017-01-21 04:00:00,57151,398,2,40.713328,-74.006911,57,1
2017-01-21 04:00:00,1717,457,1,40.710567,-74.007338,37,1
2017-01-21 04:00:00,30178,648,1,40.71297,-74.003983,36,1
2017-01-21 04:00:00,63383,249,1,40.713303,-74.002643,28,1
2017-01-21 08:00:00,21106,363,2,40.711376,-74.005152,64,1
2017-01-21 08:00:00,57151,554,1,40.713328,-74.006911,39,1
2017-01-21 08:00:00,3066,312,1,40.7121,-74.0051521,33,1
2017-01-21 08:00:00,1717,432,2,40.710567,-74.007338,58,1
2017-01-21 08:00:00,63383,383,1,40.713303,-74.002643,49,1
2017-01-21 08:00:00,30178,591,1,40.71297,-74.003983,33,1
2017-01-21 12:00:00,63383,571,2,40.713303,-74.002643,60,8
2017-01-21 12:00:00,57151,237,1,40.713328,-74.006911,31,8
2017-01-21 12:00:00,1717,517,0,40.710567,-74.007338,14,8
2017-01-21 12:00:00,21106,638,0,40.711376,-74.005152,21,8
2017-01-21 12:00:00,30178,344,1,40.71297,-74.003983,37,8
2017-01-21 12:00:00,3066,244,2,40.7121,-74.0051521,57,8
2017-01-21 16:00:00,3066,231,0,40.7121,-74.0051521,19,2
2017-01-21 16:00:00,1717,418,0,40.710567,-74.007338,25,2
2017-01-21 16:00:00,63383,528,1,40.713303,-74.002643,31,2
2017-01-21 16:00:00,21106,398,1,40.711376,-74.005152,48,2
2017-01-21 16:00:00,30178,540,1,40.71297,-74.003983,31,2
2017-01-21 16:00:00,57151,447,1,40.713328,-74.006911,51,2
2017-01-21 20:00:00,3066,235,0,40.7121,-74.0051521,23,3
2017-01-21 20:00:00,57151,276,1,40.713328,-74.006911,36,3
2017-01-21 20:00:00,21106,408,1,40.711376,-74.005152,41,3
2017-01-21 20:00:00,30178,295,1,40.71297,-74.003983,43,3
2017-01-21 20:00:00,1717,280,1,40.710567,-74.007338,31,3
2017-01-21 20:00:00,63383,325,1,40.713303,-74.002643,45,3
2017-01-22 00:00:00,63383,393,1,40.713303,-74.002643,41,9
2017-01-22 00:00:00,57151,475,1,40.713328,-74.006911,35,9
2017-01-22 00:00:00,3066,428,1,40.7121,-74.0051521,51,9
2017-01-22 00:00:00,21106,288,1,40.711376,-74.005152,27,9
2017-01-22 00:00:00,30178,449,1,40.71297,-74.003983,33,9
2017-01-22 00:00:00,1717,459,1,40.710567,-74.007338,38,9
2017-01-22 04:00:00,63383,269,0,40.713303,-74.002643,17,1
2017-01-22 04:00:00,21106,583,1,40.711376,-74.005152,37,1
2017-01-22 04:00:00,57151,309,0,40.713328,-74.006911,14,1
2017-01-22 04:00:00,1717,527,2,40.710567,-74.007338,58,1
2017-01-22 04:00:00,30178,410,2,40.71297,-74.003983,59,1
2017-01-22 04:00:00,3066,375,1,40.7121,-74.0051521,35,1
2017-01-22 08:00:00,57151,637,1,40.713328,-74.006911,32,1
2017-01-22 08:00:00,21106,632,1,40.711376,-74.005152,27,1
2017-01-22 08:00:00,3066,513,0,40.7121,-74.0051521,19,1
2017-01-22 08:00:00,63383,374,1,40.713303,-74.002643,26,1
2017-01-22 08:00:00,1717,312,2,40.710567,-74.007338,60,1
2017-01-22 08:00:00,30178,512,1,40.71297,-74.003983,32,1
2017-01-22 12:00:00,1717,256,1,40.710567,-74.007338,44,1
2017-01-22 12:00:00,21106,403,0,40.711376,-74.005152,22,1
2017-01-22 12:00:00,3066,586,1,40.7121,-74.0051521,42,1
2017-01-22 12:00:00,57151,394,1,40.713328,-74.006911,35,1
2017-01-22 12:00:00,63383,618,1,40.713303,-74.002643,33,1
2017-01-22 12:00:00,30178,486,2,40.71297,-74.003983,64,1
2017-01-22 16:00:00,1717,420,1,40.710567,-74.007338,34,2
2017-01-22 16:00:00,3066,481,1,40.7121,-74.0051521,35,2
2017-01-22 16:00:00,63383,428,2,40.713303,-74.002643,57,2
2017-01-22 16:00:00,30178,539,1,40.71297,-74.003983,26,2
2017-01-22 16:00:00,57151,268,0,40.713328,-74.006911,23,2
2017-01-22 16:00:00,21106,540,1,40.711376,-74.005152,40,2
2017-01-22 20:00:00,57151,498,2,40.713328,-74.006911,53,3
2017-01-22 20:00:00,30178,570,0,40.71297,-74.003983,25,3
2017-01-22 20:00:00,63383,402,2,40.713303,-74.002643,53,3
2017-01-22 20:00:00,3066,366,0,40.7121,-74.0051521,22,3
2017-01-22 20:00:00,1717,298,1,40.710567,-74.007338,42,3
2017-01-22 20:00:00,21106,573,0,40.711376,-74.005152,14,3
2017-01-23 00:00:00,30178,510,2,40.71297,-74.003983,61,9
2017-01-23 00:00:00,3066,611,0,40.7121,-74.0051521,23,9
2017-01-23 00:00:00,21106,507,1,40.711376,-74.005152,51,9
2017-01-23 00:00:00,1717,572,1,40.710567,-74.007338,52,9
2017-01-23 00:00:00,57151,630,0,40.713328,-74.006911,17,9
2017-01-23 00:00:00,63383,355,2,40.713303,-74.002643,53,9
2017-01-23 04:00:00,21106,586,1,40.711376,-74.005152,41,1
2017-01-23 04:00:00,30178,508,0,40.71297,-74.003983,22,1
2017-01-23 04:00:00,63383,399,2,40.713303,-74.002643,60,1
2017-01-23 04:00:00,3066,442,0,40.7121,-74.0051521,24,1
2017-01-23 04:00:00,1717,363,1,40.710567,-74.007338,26,1
2017-01-23 04:00:00,57151,649,2,40.713328,-74.006911,52,1
2017-01-23 08:00:00,63383,363,2,40.713303,-74.002643,64,1
2017-01-23 08:00:00,3066,627,0,40.7121,-74.0051521,14,1
2017-01-23 08:00:00,30178,335,1,40.71297,-74.003983,49,1
2017-01-23 08:00:00,1717,570,2,40.710567,-74.007338,60,1
2017-01-23 08:00:00,57151,263,2,40.713328,-74.006911,57,1
2017-01-23 08:00:00,21106,273,1,40.711376,-74.005152,39,1
2017-01-23 12:00:00,1717,237,1,40.710567,-74.007338,36,2
2017-01-23 12:00:00,63383,465,1,40.713303,-74.002643,35,2
2017-01-23 12:00:00,57151,242,1,40.713328,-74.006911,50,2
2017-01-23 12:00:00,30178,355,1,40.71297,-74.003983,34,2
2017-01-23 12:00:00,21106,571,0,40.711376,-74.005152,15,2
2017-01-23 12:00:00,3066,576,1,40.7121,-74.0051521,35,2
2017-01-23 16:00:00,3066,450,0,40.7121,-74.0051521,24,3
2017-01-23 16:00:00,63383,597,0,40.713303,-74.002643,24,3
2017-01-23 16:00:00,57151,487,0,40.713328,-74.006911,13,3
2017-01-23 16:00:00,30178,567,1,40.71297,-74.003983,36,3
2017-01-23 16:00:00,21106,356,2,40.711376,-74.005152,55,3
2017-01-23 16:00:00,1717,347,2,40.710567,-74.007338,62,3
2017-01-23 20:00:00,30178,359,1,40.71297,-74.003983,30,3
2017-01-23 20:00:00,21106,457,1,40.711376,-74.005152,52,3
2017-01-23 20:00:00,1717,578,1,40.710567,-74.007338,50,3
2017-01-23 20:00:00,57151,355,1,40.713328,-74.006911,38,3
2017-01-23 20:00:00,63383,623,1,40.713303,-74.002643,26,3
2017-01-23 20:00:00,3066,308,2,40.7121,-74.0051521,60,3
2017-01-24 00:00:00,3066,311,1,40.7121,-74.0051521,44,9
2017-01-24 00:00:00,1717,549,2,40.710567,-74.007338,58,9
2017-01-24 00:00:00,63383,632,2,40.713303,-74.002643,55,9
2017-01-24 00:00:00,30178,619,0,40.71297,-74.003983,20,9
2017-01-24 00:00:00,57151,290,0,40.713328,-74.006911,18,9
2017-01-24 00:00:00,21106,465,0,40.711376,-74.005152,15,9
2017-01-24 04:00:00,21106,542,2,40.711376,-74.005152,53,1
2017-01-24 04:00:00,57151,400,0,40.713328,-74.006911,21,1
2017-01-24 04:00:00,63383,464,1,40.713303,-74.002643,35,1
2017-01-24 04:00:00,3066,608,0,40.7121,-74.0051521,13,1
2017-01-24 04:00:00,30178,258,1,40.71297,-74.003983,51,1
2017-01-24 04:00:00,1717,608,1,40.710567,-74.007338,45,1
2017-01-24 08:00:00,57151,325,0,40.713328,-74.006911,18,1
2017-01-24 08:00:00,1717,440,2,40.710567,-74.007338,56,1
2017-01-24 08:00:00,30178,405,2,40.71297,-74.003983,63,1
2017-01-24 08:00:00,21106,509,0,40.711376,-74.005152,25,1
2017-01-24 08:00:00,63383,295,1,40.713303,-74.002643,40,1
2017-01-24 08:00:00,3066,375,0,40.7121,-74.0051521,13,1
2017-01-24 12:00:00,57151,262,1,40.713328,-74.006911,51,1
2017-01-24 12:00:00,63383,575,2,40.713303,-74.002643,56,1
2017-01-24 12:00:00,21106,287,2,40.711376,-74.005152,61,1
2017-01-24 12:00:00,3066,305,2,40.7121,-74.0051521,64,1
2017-01-24 12:00:00,1717,472,1,40.710567,-74.007338,46,1
2017-01-24 12:00:00,30178,498,0,40.71297,-74.003983,21,1
2017-01-24 16:00:00,63383,563,2,40.713303,-74.002643,56,8
2017-01-24 16:00:00,57151,609,1,40.713328,-74.006911,44,8
2017-01-24 16:00:00,3066,335,1,40.7121,-74.0051521,48,8
2017-01-24 16:00:00,1717,392,1,40.710567,-74.007338,40,8
2017-01-24 16:00:00,30178,305,2,40.71297,-74.003983,60,8
2017-01-24 16:00:00,21106,364,2,40.711376,-74.005152,62,8
2017-01-24 20:00:00,21106,547,2,40.711376,-74.005152,52,2
2017-01-24 20:00:00,57151,587,1,40.713328,-74.006911,47,2
2017-01-24 20:00:00,63383,238,1,40.713303,-74.002643,31,2
2017-01-24 20:00:00,30178,334,0,40.71297,-74.003983,15,2
2017-01-24 20:00:00,1717,632,0,40.710567,-74.007338,16,2
2017-01-24 20:00:00,3066,615,0,40.7121,-74.0051521,16,2
2017-01-25 00:00:00,1717,291,1,40.710567,-74.007338,51,9
2017-01-25 00:00:00,63383,565,2,40.713303,-74.002643,64,9
2017-01-25 00:00:00,3066,414,2,40.7121,-74.0051521,60,9
2017-01-25 00:00:00,21106,542,0,40.711376,-74.005152,14,9
2017-01-25 00:00:00,30178,645,2,40.71297,-74.003983,60,9
2017-01-25 00:00:00,57151,489,0,40.713328,-74.006911,24,9
2017-01-25 04:00:00,63383,549,2,40.713303,-74.002643,55,1
2017-01-25 04:00:00,30178,424,1,40.71297,-74.003983,51,1
2017-01-25 04:00:00,1717,399,1,40.710567,-74.007338,45,1
2017-01-25 04:00:00,57151,510,1,40.713328,-74.006911,27,1
2017-01-25 04:00:00,21106,279,0,40.711376,-74.005152,23,1
2017-01-25 04:00:00,3066,382,0,40.7121,-74.0051521,20,1
2017-01-25 08:00:00,30178,556,0,40.71297,-74.003983,16,1
2017-01-25 08:00:00,3066,346,1,40.7121,-74.0051521,27,1
2017-01-25 08:00:00,57151,572,2,40.713328,-74.006911,57,1
2017-01-25 08:00:00,63383,422,2,40.713303,-74.002643,57,1
2017-01-25 08:00:00,1717,533,1,40.710567,-74.007338,51,1
2017-01-25 08:00:00,21106,428,0,40.711376,-74.005152,25,1
2017-01-25 12:00:00,57151,434,2,40.713328,-74.006911,52,1
2017-01-25 12:00:00,63383,542,0,40.713303,-74.002643,24,1
2017-01-25 12:00:00,30178,239,1,40.71297,-74.003983,26,1
2017-01-25 12:00:00,3066,441,0,40.7121,-74.0051521,18,1
2017-01-25 12:00:00,21106,339,2,40.711376,-74.005152,57,1
2017-01-25 12:00:00,1717,556,0,40.710567,-74.007338,18,1
2017-01-25 16:00:00,3066,514,1,40.7121,-74.0051521,46,1
2017-01-25 16:00:00,21106,596,2,40.711376,-74.005152,56,1
2017-01-25 16:00:00,63383,500,0,40.713303,-74.002643,23,1
2017-01-25 16:00:00,1717,397,2,40.710567,-74.007338,63,1
2017-01-25 16:00:00,30178,299,1,40.71297,-74.003983,36,1
2017-01-25 16:00:00,57151,466,1,40.713328,-74.006911,46,1
2017-01-25 20:00:00,30178,635,1,40.71297,-74.003983,44,2
2017-01-25 20:00:00,63383,531,2,40.713303,-74.002643,63,2
2017-01-25 20:00:00,3066,256,1,40.7121,-74.0051521,29,2
2017-01-25 20:00:00,57151,340,1,40.713328,-74.006911,37,2
2017-01-25 20:00:00,1717,385,1,40.710567,-74.007338,29,2
2017-01-25 20:00:00,21106,613,2,40.711376,-74.005152,56,2
2017-01-26 00:00:00,57151,412,0,40.713328,-74.006911,17,9
2017-01-26 00:00:00,30178,338,2,40.71297,-74.003983,61,9
2017-01-26 00:00:00,3066,593,0,40.7121,-74.0051521,13,9
2017-01-26 00:00:00,1717,573,1,40.710567,-74.007338,31,9
2017-01-26 00:00:00,63383,234,2,40.713303,-74.002643,55,9
2017-01-26 00:00:00,21106,361,0,40.711376,-74.005152,13,9
2017-01-26 04:00:00,1717,469,2,40.710567,-74.007338,64,9
2017-01-26 04:00:00,30178,541,2,40.71297,-74.003983,52,9
2017-01-26 04:00:00,21106,457,1,40.711376,-74.005152,32,9
2017-01-26 04:00:00,57151,377,0,40.713328,-74.006911,19,9
2017-01-26 04:00:00,63383,329,0,40.713303,-74.002643,20,9
2017-01-26 04:00:00,3066,622,2,40.7121,-74.0051521,60,9
2017-01-26 08:00:00,1717,400,0,40.710567,-74.007338,13,1
2017-01-26 08:00:00,3066,529,1,40.7121,-74.0051521,29,1
2017-01-26 08:00:00,57151,624,2,40.713328,-74.006911,57,1
2017-01-26 08:00:00,30178,507,0,40.71297,-74.003983,22,1
2017-01-26 08:00:00,21106,417,0,40.711376,-74.005152,17,1
2017-01-26 08:00:00,63383,346,1,40.713303,-74.002643,45,1
2017-01-26 12:00:00,3066,583,0,40.7121,-74.0051521,20,1
2017-01-26 12:00:00,21106,427,0,40.711376,-74.005152,23,1
2017-01-26 12:00:00,63383,394,1,40.713303,-74.002643,48,1
2017-01-26 12:00:00,1717,551,1,40.710567,-74.007338,36,1
2017-01-26 12:00:00,57151,234,2,40.713328,-74.006911,59,1
2017-01-26 12:00:00,30178,298,1,40.71297,-74.003983,32,1
2017-01-26 16:00:00,1717,255,1,40.710567,-74.007338,48,1
2017-01-26 16:00:00,3066,455,2,40.7121,-74.0051521,53,1
2017-01-26 16:00:00,21106,647,0,40.711376,-74.005152,17,1
2017-01-26 16:00:00,57151,579,2,40.713328,-74.006911,56,1
2017-01-26 16:00:00,63383,414,1,40.713303,-74.002643,48,1
2017-01-26 16:00:00,30178,628,1,40.71297,-74.003983,37,1
2017-01-26 20:00:00,63383,328,0,40.713303,-74.002643,15,2
2017-01-26 20:00:00,1717,325,1,40.710567,-74.007338,35,2
2017-01-26 20:00:00,30178,439,1,40.71297,-74.003983,41,2
2017-01-26 20:00:00,3066,548,1,40.7121,-74.0051521,31,2
2017-01-26 20:00:00,57151,302,1,40.713328,-74.006911,37,2
2017-01-26 20:00:00,21106,465,0,40.711376,-74.005152,18,2
2017-01-27 00:00:00,3066,594,2,40.7121,-74.0051521,56,9
2017-01-27 00:00:00,21106,641,0,40.711376,-74.005152,15,9
2017-01-27 00:00:00,63383,402,1,40.713303,-74.002643,34,9
2017-01-27 00:00:00,1717,463,1,40.710567,-74.007338,32,9
2017-01-27 00:00:00,57151,496,0,40.713328,-74.006911,18,9
2017-01-27 00:00:00,30178,523,2,40.71297,-74.003983,59,9
2017-01-27 04:00:00,57151,647,1,40.713328,-74.006911,36,10
2017-01-27 04:00:00,1717,453,1,40.710567,-74.007338,28,10
2017-01-27 04:00:00,63383,496,1,40.713303,-74.002643,51,10
2017-01-27 04:00:00,21106,627,1,40.711376,-74.005152,40,10
2017-01-27 04:00:00,3066,271,1,40.7121,-74.0051521,35,10
2017-01-27 04:00:00,30178,644,2,40.71297,-74.003983,59,10
2017-01-27 08:00:00,30178,316,2,40.71297,-74.003983,53,9
2017-01-27 08:00:00,21106,303,0,40.711376,-74.005152,18,9
2017-01-27 08:00:00,3066,301,0,40.7121,-74.0051521,18,9
2017-01-27 08:00:00,57151,411,0,40.713328,-74.006911,21,9
2017-01-27 08:00:00,1717,567,1,40.710567,-74.007338,36,9
2017-01-27 08:00:00,63383,566,1,40.713303,-74.002643,32,9
2017-01-27 12:00:00,21106,540,2,40.711376,-74.005152,54,1
2017-01-27 12:00:00,1717,494,1,40.710567,-74.007338,49,1
2017-01-27 12:00:00,63383,300,1,40.713303,-74.002643,35,1
2017-01-27 12:00:00,57151,288,0,40.713328,-74.006911,25,1
2017-01-27 12:00:00,30178,603,1,40.71297,-74.003983,47,1
2017-01-27 12:00:00,3066,611,2,40.7121,-74.0051521,64,1
2017-01-27 16:00:00,3066,618,2,40.7121,-74.0051521,65,1
2017-01-27 16:00:00,1717,638,0,40.710567,-74.007338,19,1
2017-01-27 16:00:00,21106,517,0,40.711376,-74.005152,21,1
2017-01-27 16:00:00,30178,394,1,40.71297,-74.003983,41,1
2017-01-27 16:00:00,57151,500,2,40.713328,-74.006911,62,1
2017-01-27 16:00:00,63383,460,1,40.713303,-74.002643,50,1
2017-01-27 20:00:00,3066,509,0,40.7121,-74.0051521,25,1
2017-01-27 20:00:00,63383,316,0,40.713303,-74.002643,16,1
2017-01-27 20:00:00,30178,446,0,40.71297,-74.003983,14,1
2017-01-27 20:00:00,57151,417,1,40.713328,-74.006911,51,1
2017-01-27 20:00:00,1717,436,1,40.710567,-74.007338,32,1
2017-01-27 20:00:00,21106,490,1,40.711376,-74.005152,33,1
2017-01-28 00:00:00,21106,486,2,40.711376,-74.005152,63,9
2017-01-28 00:00:00,63383,609,1,40.713303,-74.002643,40,9
2017-01-28 00:00:00,1717,578,2,40.710567,-74.007338,63,9
2017-01-28 00:00:00,3066,528,2,40.7121,-74.0051521,61,9
2017-01-28 00:00:00,57151,337,0,40.713328,-74.006911,14,9
2017-01-28 00:00:00,30178,387,2,40.71297,-74.003983,59,9
2017-01-28 04:00:00,57151,435,1,40.713328,-74.006911,47,9
2017-01-28 04:00:00,30178,571,2,40.71297,-74.003983,55,9
2017-01-28 04:00:00,1717,454,1,40.710567,-74.007338,50,9
2017-01-28 04:00:00,3066,417,0,40.7121,-74.0051521,13,9
2017-01-28 04:00:00,21106,539,0,40.711376,-74.005152,14,9
2017-01-28 04:00:00,63383,636,0,40.713303,-74.002643,23,9
2017-01-28 08:00:00,1717,310,1,40.710567,-74.007338,35,9
2017-01-28 08:00:00,63383,619,1,40.713303,-74.002643,29,9
2017-01-28 08:00:00,21106,472,1,40.711376,-74.005152,35,9
2017-01-28 08:00:00,30178,430,0,40.71297,-74.003983,20,9
2017-01-28 08:00:00,3066,554,1,40.7121,-74.0051521,27,9
2017-01-28 08:00:00,57151,479,2,40.713328,-74.006911,63,9
2017-01-28 12:00:00,1717,422,0,40.710567,-74.007338,21,9
2017-01-28 12:00:00,21106,482,0,40.711376,-74.005152,16,9
2017-01-28 12:00:00,30178,478,1,40.71297,-74.003983,44,9
2017-01-28 12:00:00,63383,390,2,40.713303,-74.002643,57,9
2017-01-28 12:00:00,3066,566,0,40.7121,-74.0051521,22,9
2017-01-28 12:00:00,57151,413,1,40.713328,-74.006911,51,9
2017-01-28 16:00:00,57151,570,1,40.713328,-74.006911,42,4
2017-01-28 16:00:00,30178,283,2,40.71297,-74.003983,59,4
2017-01-28 16:00:00,1717,443,2,40.710567,-74.007338,53,4
2017-01-28 16:00:00,63383,551,1,40.713303,-74.002643,43,4
2017-01-28 16:00:00,21106,453,0,40.711376,-74.005152,15,4
2017-01-28 16:00:00,3066,542,0,40.7121,-74.0051521,17,4
2017-01-28 20:00:00,1717,348,1,40.710567,-74.007338,51,4
2017-01-28 20:00:00,3066,372,1,40.7121,-74.0051521,48,4
2017-01-28 20:00:00,63383,563,0,40.713303,-74.002643,13,4
2017-01-28 20:00:00,21106,384,2,40.711376,-74.005152,52,4
2017-01-28 20:00:00,57151,325,2,40.713328,-74.006911,60,4
2017-01-28 20:00:00,30178,540,1,40.71297,-74.003983,41,4
2017-01-29 00:00:00,57151,404,2,40.713328,-74.006911,60,1
2017-01-29 00:00:00,21106,641,0,40.711376,-74.005152,21,1
2017-01-29 00:00:00,30178,288,2,40.71297,-74.003983,55,1
2017-01-29 00:00:00,63383,477,0,40.713303,-74.002643,20,1
2017-01-29 00:00:00,3066,305,2,40.7121,-74.0051521,56,1
2017-01-29 00:00:00,1717,589,1,40.710567,-74.007338,45,1
2017-01-29 04:00:00,3066,638,0,40.7121,-74.0051521,14,1
2017-01-29 04:00:00,1717,620,2,40.710567,-74.007338,65,1
2017-01-29 04:00:00,57151,492,2,40.713328,-74.006911,58,1
2017-01-29 04:00:00,21106,584,1,40.711376,-74.005152,51,1
2017-01-29 04:00:00,63383,300,1,40.713303,-74.002643,37,1
2017-01-29 04:00:00,30178,437,0,40.71297,-74.003983,15,1
2017-01-29 08:00:00,1717,559,0,40.710567,-74.007338,16,1
2017-01-29 08:00:00,3066,351,0,40.7121,-74.0051521,21,1
2017-01-29 08:00:00,21106,521,2,40.711376,-74.005152,55,1
2017-01-29 08:00:00,63383,558,1,40.713303,-74.002643,44,1
2017-01-29 08:00:00,57151,293,2,40.713328,-74.006911,63,1
2017-01-29 08:00:00,30178,639,0,40.71297,-74.003983,13,1
2017-01-29 12:00:00,21106,367,2,40.711376,-74.005152,55,2
2017-01-29 12:00:00,63383,418,1,40.713303,-74.002643,50,2
2017-01-29 12:00:00,3066,447,2,40.7121,-74.0051521,63,2
2017-01-29 12:00:00,1717,585,1,40.710567,-74.007338,51,2
2017-01-29 12:00:00,57151,552,1,40.713328,-74.006911,49,2
2017-01-29 12:00:00,30178,288,2,40.71297,-74.003983,54,2
2017-01-29 16:00:00,21106,461,0,40.711376,-74.005152,17,2
2017-01-29 16:00:00,3066,347,1,40.7121,-74.0051521,34,2
2017-01-29 16:00:00,57151,484,1,40.713328,-74.006911,41,2
2017-01-29 16:00:00,63383,448,1,40.713303,-74.002643,49,2
2017-01-29 16:00:00,1717,565,1,40.710567,-74.007338,40,2
2017-01-29 16:00:00,30178,553,0,40.71297,-74.003983,21,2
2017-01-29 20:00:00,1717,265,1,40.710567,-74.007338,52,3
2017-01-29 20:00:00,3066,402,1,40.7121,-74.0051521,45,3
2017-01-29 20:00:00,21106,603,0,40.711376,-74.005152,13,3
2017-01-29 20:00:00,57151,545,1,40.713328,-74.006911,42,3
2017-01-29 20:00:00,63383,230,1,40.713303,-74.002643,37,3
2017-01-29 20:00:00,30178,404,1,40.71297,-74.003983,50,3
2017-01-30 00:00:00,30178,274,0,40.71297,-74.003983,24,9
2017-01-30 00:00:00,3066,407,1,40.7121,-74.0051521,49,9
2017-01-30 00:00:00,57151,477,0,40.713328,-74.006911,24,9
2017-01-30 00:00:00,21106,507,2,40.711376,-74.005152,54,9
2017-01-30 00:00:00,1717,402,2,40.710567,-74.007338,52,9
2017-01-30 00:00:00,63383,325,1,40.713303,-74.002643,39,9
2017-01-30 04:00:00,1717,330,1,40.710567,-74.007338,51,1
2017-01-30 04:00:00,63383,447,2,40.713303,-74.002643,57,1
2017-01-30 04:00:00,3066,452,0,40.7121,-74.0051521,23,1
2017-01-30 04:00:00,57151,368,0,40.713328,-74.006911,25,1
2017-01-30 04:00:00,21106,545,2,40.711376,-74.005152,52,1
2017-01-30 04:00:00,30178,450,0,40.71297,-74.003983,17,1
2017-01-30 08:00:00,1717,338,1,40.710567,-74.007338,48,9
2017-01-30 08:00:00,57151,364,1,40.713328,-74.006911,26,9
2017-01-30 08:00:00,63383,591,1,40.713303,-74.002643,35,9
2017-01-30 08:00:00,21106,339,2,40.711376,-74.005152,54,9
2017-01-30 08:00:00,3066,317,1,40.7121,-74.0051521,35,9
2017-01-30 08:00:00,30178,579,1,40.71297,-74.003983,42,9
2017-01-30 12:00:00,63383,411,1,40.713303,-74.002643,26,9
2017-01-30 12:00:00,3066,514,1,40.7121,-74.0051521,30,9
2017-01-30 12:00:00,30178,620,1,40.71297,-74.003983,44,9
2017-01-30 12:00:00,57151,341,0,40.713328,-74.006911,15,9
2017-01-30 12:00:00,21106,406,1,40.711376,-74.005152,29,9
2017-01-30 12:00:00,1717,363,0,40.710567,-74.007338,16,9
2017-01-30 16:00:00,57151,562,0,40.713328,-74.006911,14,11
2017-01-30 16:00:00,1717,618,2,40.710567,-74.007338,60,11
2017-01-30 16:00:00,63383,264,1,40.713303,-74.002643,48,11
2017-01-30 16:00:00,30178,595,0,40.71297,-74.003983,13,11
2017-01-30 16:00:00,3066,478,1,40.7121,-74.0051521,32,11
2017-01-30 16:00:00,21106,440,2,40.711376,-74.005152,60,11
2017-01-30 20:00:00,63383,551,1,40.713303,-74.002643,43,9
2017-01-30 20:00:00,1717,295,0,40.710567,-74.007338,20,9
2017-01-30 20:00:00,30178,490,0,40.71297,-74.003983,21,9
2017-01-30 20:00:00,3066,402,2,40.7121,-74.0051521,61,9
2017-01-30 20:00:00,21106,514,1,40.711376,-74.005152,31,9
2017-01-30 20:00:00,57151,426,2,40.713328,-74.006911,54,9
2017-01-31 00:00:00,1717,438,1,40.710567,-74.007338,36,12
2017-01-31 00:00:00,3066,385,0,40.7121,-74.0051521,20,12
2017-01-31 00:00:00,21106,520,1,40.711376,-74.005152,31,12
2017-01-31 00:00:00,30178,511,1,40.71297,-74.003983,51,12
2017-01-31 00:00:00,57151,611,2,40.713328,-74.006911,54,12
2017-01-31 00:00:00,63383,350,2,40.713303,-74.002643,64,12
2017-01-31 04:00:00,3066,490,0,40.7121,-74.0051521,14,13
2017-01-31 04:00:00,21106,272,1,40.711376,-74.005152,44,13
2017-01-31 04:00:00,63383,627,1,40.713303,-74.002643,47,13
2017-01-31 04:00:00,1717,241,0,40.710567,-74.007338,20,13
2017-01-31 04:00:00,30178,450,1,40.71297,-74.003983,26,13
2017-01-31 04:00:00,57151,481,1,40.713328,-74.006911,45,13
2017-01-31 08:00:00,3066,343,2,40.7121,-74.0051521,52,14
2017-01-31 08:00:00,21106,616,2,40.711376,-74.005152,62,14
2017-01-31 08:00:00,63383,369,1,40.713303,-74.002643,50,14
2017-01-31 08:00:00,1717,422,1,40.710567,-74.007338,31,14
2017-01-31 08:00:00,30178,247,1,40.71297,-74.003983,39,14
2017-01-31 08:00:00,57151,308,1,40.713328,-74.006911,51,14
2017-01-31 12:00:00,21106,309,1,40.711376,-74.005152,30,14
2017-01-31 12:00:00,30178,621,0,40.71297,-74.003983,23,14
2017-01-31 12:00:00,3066,580,2,40.7121,-74.0051521,60,14
2017-01-31 12:00:00,1717,610,1,40.710567,-74.007338,47,14
2017-01-31 12:00:00,57151,559,0,40.713328,-74.006911,21,14
2017-01-31 12:00:00,63383,418,1,40.713303,-74.002643,50,14
